file,text,topic_cluster_id,topic_label,era,era_label,topic_category,topic_category_label
"5 Countries to Meet on Reviving Cambodia Peace Talks, Paris Says.txt","ï»¿
Amid new concern over stepped-up attacks by Khmer Rouge guerrillas, the United States, the Soviet Union, China, France and Britain are to meet here on Monday to discuss ways of reviving stalled peace efforts on Cambodia.
Announcing the meeting today, a French Government spokesman said the five Governments would give special attention to an Australian plan to put Cambodia under a temporary United Nations administration pending free elections.
Diplomats said the meeting was proposed by Washington and immediately endorsed by Moscow. 
As permanent members of the United Nations Security Council, the five powers have special responsibilities for international peace and security under the United Nations Charter.
''There has been a lot of talk of an enhanced role for the U.N. in Cambodia,'' a United States official said. 
''The situation on the ground makes it more urgent. 
The United States has been trying to get the diplomatic track going again for some time.''
Â 
Talks and a Surge in Fighting
A monthlong 19-nation peace conference on Cambodia ended in failure here in August amid sharp differences between the Vietnamese-backed Government of Prime Minister Hun Sen, which controls Phnom Penh, and three loosely allied rebel groups, including the Khmer Rouge.
At the time, officials said they did not expect new peace talks until after the warring factions had tested their strength anew during the current six-month dry season and, in particular, in the wake of the withdrawal of Vietnamese troops last September.
But diplomats said peace efforts are now being renewed in response to a surge of fighting and assertions of major victories by the Khmer Rouge, which brought terror to Cambodia during the rule of Pol Pot from 1975 to late 1978. 
More than a million Cambodians died under the Khmer Rouge rule.
In recent days, the Khmer Rouge radio has asserted that its rebels launched a major attack on Battambang, Cambodia's second largest city, and grenade attacks on Phnom Penh. 
Reports from Cambodia confirmed an increase in rebel activities, but said the Khmer Rouge assertions were exaggerated.
Â 
China Favors Sihanouk Plan
A senior Australian official, Michael Costello, reportedly met Prime Minister Hun Sen over the weekend to explain his Government's peace plan. 
He then flew to Bangkok for talks with Chinese, Indonesian and Vietnamese officials. 
Mr. Costello is expected to arrive in Paris on Thursday.
The Australian plan, modeled after a similar formula that enabled Namibia to hold free elections and end its occupation by South Africa last year, has been welcomed by the United States, France, Britain and the Soviet Union.
But China, which supports the Khmer Rouge, has said it favors a plan put forward by the former Cambodian ruler, Prince Norodom Sihanouk, involving formation of a four-party coalition government comprising the three rebel groups and the Hun Sen regime to rule until free elections are held.",6,khmer,HWBUSH,HW Bush (1989-1992),CATEGORY_9,"khmer, cambodia, rouge"
"ALL P.O.W._s FREED, EX-ADMIRAL SAYS.txt","ï»¿
James B. Stockdale, who ran as Ross Perot's Vice-Presidential candidate, said today that he is convinced that no American prisoners of war were left behind in North Vietnam when the United States pulled out its ground forces in 1973.
Mr. Stockdale, a former Naval aviator who was the highest-ranking American held by the Vietnamese at the Hoa Lo prison in Hanoi, told a Senate committee that American prisoners had set up an elaborate system to account for inmates in all prisons throughout North Vietnam.
When North Vietnam released 591 prisoners as part of the Paris peace accords, he said, all those who had been identified by the other prisoners were let go. 
""I have no evidence of anybody that was left intentionally or is alive,"" he added.
He stressed, however, that his knowledge related only to prisoners in North Vietnam, not those in Laos.
The retired admiral's testimony before the Senate Select Committee on P.O.W.-M.I.A. 
Affairs may help debunk persistent reports that Americans soldiers or aviators were left when the United States withdrew. 
Mr. Stockdale was the leader of Americans held at Hoa Lo, known as the ""Hanoi Hilton.""
Mr. Stockdale is given another measure of credibility because of his affiliation with Mr. Perot, one of the strongest advocates for missing American prisoners in Southeast Asia. 
His wife, Sybil Stockdale, was a founder of the National League of Families, the largest organization of family members of missing servicemen.
Â 
--------------------
China to Aid Search
BEIJING, Dec. 
3 (AP) -- China has agreed to receive a team that will investigate reports of American servicemen listed as missing or held prisoner in the Korean and Vietnam wars, Senator David L. Boren said today.
The Oklahoma Democrat said Chinese officials will allow investigators to visit sites in China where American pilots were reported to have crash-landed in the Vietnam War.
Washington has no evidence that any prisoners remain alive in China, said Mr. Boren, who is visiting China.
But intelligence informants have said American prisoners in the Korean War were taken to China. 
Beijing says that 21 American soldiers came at their own request and that two remain. 
One, identified as James Veneris, has taught English at a Chinese university.",6,khmer,HWBUSH,HW Bush (1989-1992),CATEGORY_9,"khmer, cambodia, rouge"
Beijing Puts Khmer Rouge on Shorter Leash.txt,"ï»¿
As a new round of civil war threatens Cambodia, diplomats here say China finds itself in the awkward position of wanting the Khmer Rouge troops it supports neither to win nor lose.
The Khmer Rouge, which brutally ruled the country from 1975 until the Vietnamese invasion in December 1978, is China's most dependable ally in the region, partly because no one else wants anything to do with the Khmer Rouge.
Yet Western and Asian diplomats say China would be alarmed if the Khmer Rouge enjoyed a major string of victories after the Vietnamese troop withdrawal under way. 
In part, the reason has to do with China's suppression of the democracy movement in June, which created a storm of outrage that has made Beijing reluctant to face a new barrage of international criticism for pushing the Khmer Rouge back toward power.
'Watching and Waiting'
China will continue to arm the Khmer Rouge, but may counsel it toward restraint on the battlefield, diplomats say. 
It is unclear how effective China's counsels would be, or how far China would go to avoid a Khmer Rouge victory, but the diplomats say there are signs of renewed flexibility in its Indochina policy as the principal arena of confrontation moves from the conference room to the front lines.
''China is waiting and watching,'' an Asian diplomat said. 
''This is the chance to test each faction on the battlefield.''
The diplomat and others interviewed said China's principal goal was not to secure a military victory, but to put sufficient pressure on the Vietnamese-backed Government in Cambodia that it will return to peace talks in about six months willing to make further compromises with the Khmer Rouge.
At the same time, specialists say, China will not allow relations with Vietnam to improve. 
Only when there is a settlement of the Cambodia issue will diplomatic and economic relations be normalized, the Chinese have told diplomats here.
China regards the future of Cambodia as a matter of paramount importance, partly because of a traditional hostility between China and Vietnam. 
With Vietnam enjoying support from the Soviet Union, China is alarmed at the possibility of its Soviet-backed rival forming a sphere of influence on its southern flank.
Â 
Skepticism of Vietnam Pullout
Reflecting the official line here, the Chinese press has been extremely skeptical over taking the Vietnamese troop withdrawal at face value. 
A report carried today by the official New China News Agency said that while ''several groups of Vietnamese troops'' rode to gathering points in army trucks, no tanks or heavy weapons were seen. 
The implication was that the tanks and tank crews were remaining behind.
On Thursday, China's Foreign Ministry spokesman said that Vietnam was not sincere in searching for a political settlement and was ''playing tricks'' on the international community by pretending to withdraw.
Early this year there was some sign of a diplomatic warming, when the Vietnamese Vice Foreign Minister came to Beijing twice for talks. 
But the Chinese Foreign Ministry concluded that the Vietnamese official was unwilling to compromise, and so it decided not to allow further such visits.
The distrust of Vietnam, coupled with the feeling that the Khmer Rouge is the most effective fighting force against Vietnam, seems to be the primary explanation for China's ties with the Khmer Rouge. 
The embarrassment about being associated with a group held responsible for more than a million deaths under its rule seems to have grown in recent years.
''They don't love the Khmer Rouge for itself,'' a Western diplomat said. 
''They love the fact that each dollar they put in Khmer Rouge hands produces a dead Vietnamese.''
Â 
No Reduction in Aid
Because ties to the Khmer Rouge are also based on its past friendship and loyalty to senior Chinese leaders, diplomats say, China's economic difficulties will not mean a reduction in aid to the Khmer Rouge and to the other two anti-Government factions: one led by Prince Norodom Sihanouk and the other by Son Sann, a former Prime Minister.
China has complained privately to some Asian diplomats that the Soviet Union is increasing its military assistance to the Hun Sen Government now in power in Cambodia, and so some diplomats expect that China could provide a matching increase in funds for the three Cambodian guerrilla factions.
Chinese officials earlier this month called in officials from Asian countries for a meeting on Cambodia, and some were struck by one sign of movement in China's position. 
A year ago, China was unhappy about some wording in a United Nations resolution that in an indirect swipe at the Khmer Rouge called for a ''nonreturn to the universally condemned policies and practices'' of the recent past. 
But in the meeting this month, China seemed content with such wording.",6,khmer,HWBUSH,HW Bush (1989-1992),CATEGORY_9,"khmer, cambodia, rouge"
Cambodian Factions to Meet Today.txt,"ï»¿
A new round of talks on Cambodia begins here on Monday, with at least limited success already insured for their Japanese hosts who have stepping gingerly into regional peacemaking for the first time.
The leaders of all four rival Cambodian factions will attend and all of them have already initialed a memorandum, including a symbolic cease-fire agreement, worked out by the Defense Minister of Thailand, Gen. Chavalit Yongchaiyudh.
While American officials are said to want a stronger document, one calling for a comprehensive settlement and providing a greater monitoring and administrative role for the United Nations, Washington will applaud anything that looks like an agreement.
The memorandum, according to Thai officials and Western and Asian diplomats, calls for an immediate cease-fire, military ''self-restraint'' and a cessation of foreign military aid, though without effective monitoring. 
That lack will render it largely symbolic. 
In any case, the rainy season has already imposed a sort of cease-fire.
A Transitional Council
The agreement also calls for the formation of a Supreme National Council made up of six representatives from each of the two rival governments. 
The council would serve as the repository of Cambodian sovereignty until a new government is formed, presumably after a final settlement and elections.
By itself, the agreement will do little to end the war in Cambodia but, unless derailed here, it will represent the first agreed understanding among all the four factions. 
And it does resolve a few vexing issues.
Prime Minister Hun Sen of Cambodia, whose Government was installed by Vietnam when it drove the Khmer Rouge out of Cambodia in January 1979, is opposed by an uneasy, three-part coalition: the Khmer Rouge guerrillas, who are supported and armed by China, and two non-Communist factions, headed by Prince Norodom Sihanouk and a former Sihanouk Prime Minister, Son Sann, backed by China and the United States.
Â 
Sihanouk and Hun Sen to Sign
While all four factions are represented here and separately initialed General Chavalit's memorandum, Japanese officials say it will be signed by Mr. Hun Sen and Prince Sihanouk as leaders of the two rival governments.
That fact itself, combined with equal representation for the two sides on the Supreme National Council, represents a concession on the part of China and the Khmer Rouge, which have long insisted on equal representation for all four factions.
Vietnam and Mr. Hun Sen have opposed equal treatment for the Khmer Rouge, which was responsible for the deaths of more than a million Cambodians between April 1975 and December 1978, when Vietnam invaded Cambodia. 
But Hanoi and Phnom Penh have agreed that the Khmer Rouge can participate on the Council as members of the opposition coalition headed by Prince Sihanouk.
The Thais have long been pushing for a step-by-step settlement to Cambodia, beginning with a cease-fire, an approach criticized by Washington, which fears it favors Mr. Hun Sen.
The Japanese have been pushing quietly for a diplomatic role on Cambodia, in part as a sign of their postwar stature and influence. 
They are also expected to pay the bulk of the costs.
Thai officials say that Tokyo urged them to invite Japan to play host to this meeting. 
The Thais, whose boom is largely dependent on Japanese investment and aid, were happy to oblige, at the same time co-opting the Japanese.
But this meeting might not have happened without progress in other forums concerned with Cambodia. 
The five permanent members of the United Nations Security Council - Britain, China, France, the Soviet Union and the United States - have been meeting regularly on Cambodia. 
Also, China has opened talks with Vietnam, after a long period of inaction, on the level of Deputy Foreign Ministers.
Dinh Ngo Liem of Vietnam met his Chinese counterpart, Xu Dunxin, in Beijing in early May. 
Another meeting is scheduled. 
Western and Asian diplomats suggest that the new flexibility on the part of Mr. Hun Sen and the Khmer Rouge stems from these meetings.",6,khmer,HWBUSH,HW Bush (1989-1992),CATEGORY_9,"khmer, cambodia, rouge"
Cambodian Rivals Said to Accept U.N. Peace Plan.txt,"ï»¿
Today also marked the first meeting of an official American representative, John Monjo, Ambassador to Indonesia, with Hun Sen, the Prime Minister of the Vietamese-installed Government in Cambodia. 
Washington announced last week that it would begin direct talks with Phnom Penh, a dialogue that was begun last week at the ambassadorial level in Vientiane, Laos.
Mr. Hun Sen, speaking after a 40-minute meeting with Mr. Monjo, said that he accepted the United Nations plan as ''the framework for a comprehenive solution.''
He said that the plan, which calls for thousands of administrators under United Nations auspices leading to new elections in Cambodia, had to be elaborated upon in negotiations, a fact also emphasized by Mr. Alatas and the French co-chairman, Edwige Avice, a Deputy Foreign Minister, in their formal opening remarks.
But Mr. Hun Sen said he was now optimistic that the talks here, which quickly broke into meetings of the co-chairmen with the individual factions, would have a successful outcome.
He said the meeting with Mr. Monjo was a very good and important one. 
''It is a first meeting but very valuable,'' he said. 
''We have the same intention, the same understanding with the Americans.''
Mr. Monjo said only he brought ''no special messages - just exchanging views.''
The United Nations plan has already been accepted by the three-party opposition coalition fighting Mr. Hun Sen's Vietnamese-installed Government. 
The coalition, led by Prince Norodom Sihanouk, is made up of his followers, those of another non-Communist, former Prime Minister Son Sann, and the Communist Khmer Rouge, during whose rule, from 1975 to 1979, more than one million Cambodians died by execution and famine. 
Vietnam invaded the country and installed a pro-Hanoi, anti-Khmer Rouge Government in 1979.
Khieu Samphan, the Khmer Rouge representative and vice president of the anti-Government coalition, said today that he was also optimistic. 
''Peace is closer than ever,'' he said. 
He had ''no reservations'' about the United Nations plan. 
The plan would establish a national governing council, under United Nations supervision, to administer the country. 
The United Nations would also set up and monitor free elections, and sending a military force as peacekeepers. 
The four factions must negotiate the details of the plan, and it is expected that there will be disagreements.
Khieu Samphan's comments were echoed by Prince Norodom Ranariddh, Prince Sihanouk's son and representative here.
Â 
Sihanouk's Status Unclear
But the status of Prince Sihanouk, who said in a statement Saturday that he was too ill to come here and who was communicating with Jakarta by fax, remained unclear, adding a note of uncertainty.
Senior Western and Asian diplomats said today that the Chinese Prime Minister, Li Peng, had urged Prince Sihanouk to come here, but that the Prince refused at the last minute, because he was offended by some remarks of Mr. Hun Sen.
The diplomats said that Prince Sihanouk and the Chinese Deputy Foreign Minister, Qi Huaiyuan, then had a long and bitter discussion, which ended with the Prince saying that he was packing his bags to go to his second home, in Pyongyang, North Korea.
China has been the main sponsor of all the opposition factions and the sole sponsor of the Khmer Rouge. 
Prince Sihanouk is provided a home in the old French Legation building in Beijing.
Â 
A Break From Diplomacy
Prince Sihanouk remained today in Beijing. 
But in a hallway interview, Prince Ranariddh said that his father had decided to take ''a five- or six-month break'' from diplomacy because of his health, and would issue a statement to that effect today in Beijing. 
No statement was issued, however, and some diplomats suggested that if this meeting turns out to be a success, Prince Sihanouk may yet arrive.
Although Prince Sihanouk has said in the past that he would not serve as chairman of an interim national leadership, the Supreme National Council, he is now said to want the position.
In a statement Saturday, Prince Sihanouk said the coalition would accept a council made up of six members from the coalition and six from Phnom Penh, as Mr. Hun Sen has demanded. 
The Khmer Rouge had been demanding that all four factions have an equal number of seats, giving the coalition three-quarters of the seats.
In his statement, the Prince said the council could elect a chairman as a 13th member. 
But Mr. Hun Sen is said by diplomats to be insisting that Prince Sihanouk, if he is to take part in the council, be one of the 12.
Â 
A Demand for Consensus
Diplomats said, however, that Mr. Hun Sen is willing to accept Prince Sihanouk's demand that the council operate by consensus, rather than by majority voting.
Still, Prince Sihanouk has been reluctant to allow himself to be put on the same footing with Mr. Hun Sen, only 39 years old, whom he has called ''a Vietnamese valet.''
Mr. Alatas, appearing buoyant after a process in which he has been so intimately involved, said that the bilateral meetings would continue Monday ''to start talking about forming the Supreme National Council,'' a necessary first step for peace.
After getting the factions' commitment to the United Nations framework, he said the main priority of the meeting will be to ''finalize the process of the formation'' of the Supreme National Council, including ''its nature, composition, functions and related aspects.''
If that could be accomplished here, senior Asian diplomats said, the peace talks might then return to Paris, where a formal international conference on Cambodia broke up in disarray in August 1989.
The talks here are taking place under the aegis of that conference. 
''If nothing else goes wrong, which it probably will,'' one Asian diplomat said, the conference could be reconvened in late October.
The United Nations plan envisages the Supreme National Council taking Cambodia's seat in the United Nations in the upcoming General Assembly. 
It would then cede to a special United Nations authority the right to ''supervise or control'' the five key ministries of state - foreign affairs, interior, finance, defense and information.
The United Nations authority would in this way insure the neutrality of the Government in the year or so before new elections can be organized and held.
Diplomats say the five permanent members foresee the appointment of United Nations officials at the top levels of the ministries, working through Cambodian bureaucrats of both rival administrations. 
If the Council agrees on particular decisions, the United Nations would go along. 
If not, the United Nations officials would decide.
''But how does Hun Sen understand 'supervise or control'?'' an Asian diplomat said. 
This was the thorny sort of issue still to be worked out, he said.
The United Nations would also be responsible for monitoring a cease-fire and the cessation of external aid to the combatants, for disarming the rival armies and repatriating the 300,000 or so Cambodians displaced after the Vietnamese invasion.
Phnom Penh is reluctant to cede too much control to the United Nations, but it may do so if it does not mean the dismantling of the administration that is now in place. 
Cambodian officials say dismantling would allow the Khmer Rouge to intensify the war, but some admit it would also undermine the Government's chances in an election.
Mr. Hun Sen has worries, too, that the Khmer Rouge will take advantage of a cease-fire and continue its war for power by political as well as military means. 
The Khmer Rouge might not hand in all its arms to the United Nations, for instance, or tell many of its fighters to go underground rather than group themselves in cantonments for disarming, as the United Nations plan suggests.
Â 
The U.N. Plan For Cambodia
Â 
These are the major requirements of the United Nations peace plan under which the Vietnamese-backed Cambodian Government would share power with three guerrilla groups it has been fighting for 11 years.
Â 
U.N. administration of the Cambodian Government until elections are held.
Â Â U.N. supervision of disarmament of rival factions.
Â 
U.N. supervision of elections.
Â 
Human rights guarantees.
Â 
International guarantees regarding the neutrality of a restructured Cambodia.",6,khmer,HWBUSH,HW Bush (1989-1992),CATEGORY_9,"khmer, cambodia, rouge"
China and Indonesia Sign a Pact To Restore Ties Severed in 60_s.txt,"ï»¿
China and Indonesia signed an agreement today to restore diplomatic relations next month, ending a 23-year rift between the two most populous nations in East Asia.
Both sides described the agreement as of ''historic significance'' and said they hoped it would contribute to peace and stabilityI throughout the Pacific region. 
The new agreement is expected to lead to increased trade between the two countries, to further discussions aimed at resolving the war in Cambodia, and to an accord to establish diplomatic relations between China and Singapore.
Prime Minister Li Peng will travel to the Indonesian capital, Jakarta, to mark the resumption of relations on Aug. 
8. For him and for China's diplomacy as a whole, the agreement is a rare bright spot in a year that has been characterized by isolation and invective since the army crackdown against the democracy movement in June 1989.
The accord also puts the seal on China's repudiation of its onetime program to export revolution to other parts of Asia and the world. 
It was accusations of support by China for a Communist-backed rebellion in Indonesia in 1965 that led to relations being suspended two years later. 
Until then, China and Indonesia had enjoyed close relations.
Â 
'Turning of a New Page'
It was partly because of the rift with Indonesia that China reconsidered its attempts to spread revolution, and today Foreign Minister Qian Qichen seemed much more interested in exporting goods than revolution. 
He said at a news conference that he had no idea whether Indonesia still had a Communist party - and his tone seemed to imply that he did not much care, either.
Ali Alatas, Indonesia's Foreign Minister, said at the news conference that a new trade agreement was already under way to bolster two-way trade, which was valued at $920 million last year.
''I believe it is no exaggeration that what we have achieved today is a significant development and in fact signifies the turning of a new page in our bilateral relationship,'' Mr. Alatas said.
People's Daily had earlier called Mr. Alatas's visit - the first by an Indonesian Foreign Minister since relations were suspended in 1967 - a ''great event.''
The Chinese press has not explained the reason for the rupture of relations in the 1960's, attributing it only to ''some complicated historical causes.''
Â 
Surprise Meeting in Tokyo
The agreement today comes after more than 16 months of negotiations that followed a surprise meeting between Mr. Qian and President Suharto of Indonesia in Tokyo on Feb. 
23, 1989. 
The two men then agreed to work toward normalization of relations.
Singapore is widely expected to follow Indonesia in establishing formal ties with Beijing. 
Singapore already has good ties with Beijing, and runs a trade office here. 
But it has not formally established relations with either China or Taiwan.",6,khmer,HWBUSH,HW Bush (1989-1992),CATEGORY_9,"khmer, cambodia, rouge"
CHINA AND VIETNAM REPORTED IN PACT.txt,"ï»¿
China and Vietnam have agreed on a broad outline for a Vietnamese troop withdrawal from Cambodia by the end of September, a Vietnamese diplomat here said today.
Several important aspects of the plan have yet to be decided, and rival Cambodian factions apparently still must reach some agreement among themselves. 
But the reported accord between Vietnam and China appears to bring Southeast Asia a step closer to resolution of one of its most persistent and bloody disputes, the one arising from the 10-year Vietnamese intervention in Cambodia.
The agreement came last week in meetings in Beijing between a Vietnamese First Deputy Foreign Minister, Dinh Nho Liem, and ranking officials of the Chinese Foreign Ministry. 
The visit had been intended to be secret, but officials on both sides later confirmed that it had taken place without detailing the nature of the talks.
The Vietnamese diplomat, who asked not to be identified by name, said that the two sides had agreed that all countries should steadily reduce their support to Cambodian guerrilla groups. 
Such aid would completely end in September when Vietnam completes its troop withdrawal.
Â 
'International Body' Urged
That would mean that China would stop its support for the Khmer Rouge, militarily the strongest of three groups fighting against the Vietnamese-backed Government in Cambodia.
Prime Minister Li Peng of China and his Foreign Minister, Qian Qichen, had previously indicated that aid to Cambodian factions could be reduced during Vietnam's troop pullout. 
But the agreement appears to go further than previous comments in guaranteeing that as Vietnam withdraws, China will cut off its support to the Khmer Rouge.
Chinese officials had refused to discuss the content of last week's talks about Cambodia.
In addition, the Vietnamese diplomat said China and Vietnam had agreed that ''an international body'' should be sent to Cambodia to serve three purposes: monitor Vietnam's troop withdrawal, insure that other countries stop their support of opposition factions and supervise the selection of a new Government.
In Washington, the State Department said it had no independent confirmation and noted that it came from ''diplomats,'' not official statements by China or Vietnam. 
Charles E. Redman, the State Department spokesman, said the United States was encouraged by the ''very intensive level of diplomatic activity'' surrounding Cambodia, but he would not comment on the report from Beijing.",6,khmer,HWBUSH,HW Bush (1989-1992),CATEGORY_9,"khmer, cambodia, rouge"
China_s Premier Sees Progress on Cambodia.txt,"ï»¿
Prime Minister Li Peng said today that significant progress had been made in reaching a political settlement in Cambodia and that Beijing was ready to repair ties gradually with Vietnam.
The Prime Minister, speaking at a reception on the eve of China's National Day celebrations, held out hope for an early settlement of the 11-year Cambodian civil war.
''We hope that Vietnam and the Phnom Penh regime will show sincerity by taking positive steps towards the political settlement of the Cambodian question,'' he said. 
''Along with such a settlement, China is ready to gradually improve its relations with Vietnam.''
Chinese-Vietnamese relations became hostile when Hanoi invaded Cambodia in 1978 and early the next year set up a pro-Hanoi Government there to replace the Khmer Rouge, which China had backed; China and Vietnam fought a brief border war in 1979.
Today China backs a coalition of three guerrilla groups, including the Khmer Rouge, that oppose the Hanoi-backed Phnom Penh Government in the Cambodian civil war.
Vietnam's Communist Party chief, Nguyen Van Linh, visited China early this month, and Vice Prime Minister Vo Nguyen Giap went to Beijing this month to attend the Asian Games there.",6,khmer,HWBUSH,HW Bush (1989-1992),CATEGORY_9,"khmer, cambodia, rouge"
"For Khmer Rouge, There_s Gold in the Ruby Mines.txt","ï»¿
The Khmer Rouge is earning tens of thousands of dollars a week by selling passes to people who want to mine rubies in areas it controls inside Cambodia, numerous Cambodians interviewed in this refugee camp just inside Thailand say.
Several thousand Cambodians, Thais, Burmese and Laotians pay the Khmer Rouge 1,000 Thai baht, or about $40, to purchase passage along a narrow, mine-strewn path from Thailand into Cambodia and a week's permission to dig for gemstones along three hills now known as Phnom Pech, or Diamond Mountain.
The path runs from an area just north of Bo Rai in southeastern Thailand to an area the refugees say is northwest of Battambang city and once was called Phnom Tadeth. 
To travel it takes a day and a night, they say, because the path is so narrow that miners going in opposite directions must embrace one another when they pass to avoid touching off the land mines sown everywhere along the border. 
Once in the mining area, increasingly few people venture out to cut firewood, because of mines and claymores hidden in the trees.
A ruby-mining area popular in the past, near Pailin, also close to the Thai border, is too dangerous to approach, the refugees say. 
Khmer Rouge soldiers, these refugees say, keep a reasonably strict discipline, verifying tickets at three checkpoints near the mines. 
The soldiers have never tried to steal rubies from them, said two of the refugees, Nuon Sokha and Chhom Sarin. 
The soldiers are forbidden to dig for rubies themselves, Nuon Sokha said, but a few evidently do so anyway, because they sometimes offer to sell rubies to the miners when no officer is present.
Another refugee, Chan Ny, said that the discipline can break down. 
Khmer Rouge soldiers sometimes made him and his friends pay twice.
Nuon Sokha said he found at least $200 worth of rubies every week, and sometimes uncovered extremely valuable stones, which could be sold in Bo Rai.
Â 
'10,000 People' Digging
''People are traveling along the path into and out of Cambodia all day and all night,'' he said. 
On the three hills, he and others said, there are at times ''10,000 people'' digging for rubies. 
Even cutting his estimate by a factor of five, 2,000 miners would bring in $80,000 a week to the Khmer Rouge, which has been receiving most of its aid, in food, arms and cash, from China.
In a settlement to the long Cambodian conflict now being discussed, diplomats say China has agreed to cut its supplies to the Khmer Rouge and the other resistance factions as the Vietnamese complete their troop withdrawal from Cambodia, which they have occupied since late 1978. 
The Vietnamese overthrew the Khmer Rouge Government led by Pol Pot. 
Under his rule at least one million Cambodians died from starvation, disease and overwork and in mass executions.
The Khmer Rouge is known to have stockpiled a substantial amount of Chinese arms throughout Cambodia. 
Even if the Chinese and their conduits, the Thais, were to cut off the Khmer Rouge entirely, which many Western and Asian diplomats doubt, a steady source of income from businesses like ruby mining and thatch manufacture would enable the guerrilla faction to buy Chinese arms and ammunition.",6,khmer,HWBUSH,HW Bush (1989-1992),CATEGORY_9,"khmer, cambodia, rouge"
Gains Toward Cambodia Settlement Are Seen.txt,"ï»¿
Diplomats and Thai officials say the necessary elements for a comprehensive settlement in Cambodia are rapidly coming together.
The assessment is based on several developments: the first direct talks between the Vietnamese and the Chinese in more than nine years, the first visit of a Thai foreign minister to Vietnam in more than 12 years and the first summit meeting, expected next summer, between the Soviets and the Chinese in nearly 30 years.
''Everyone has pretty much decided that Vietnam has made its decision to extricate itself from Cambodia and get on with the business of rebuilding its economy,'' a Western diplomat said. 
''A lot of the old taboos are falling, the Soviets want to get on with the Chinese, and everyone is positioning themselves for new diplomatic and trading relationships.''
Over the weekend, the Vietnamese Deputy Foreign Minister, Dinh Nho Liem, flew to Beijing for the first direct talks between the two nations since Mr. Liem helped to negotiate a cease-fire in their February 1979 border war. 
That short, sharp clash was a self-described effort by the Chinese ''to teach Vietnam a lesson'' after Hanoi, supported by Moscow, invaded Cambodia in late 1978 and overthrew China's ally, the Khmer Rouge Government of Pol Pot.
Under the Khmer Rouge, who took power in April 1975, more than one million Cambodians died from starvation, disease, party purges and mass executions.
Â 
China to Cut Support
China has been the prime supporter of the Khmer Rouge, which it revived as a way to harass Vietnam and its patron, Moscow.
But in December discussions with the Soviet Union, China agreed to cut its support for the Khmer Rouge in step with Vietnamese troop withdrawals. 
The Chinese insisted on a firm timetable for final withdrawal. 
With Soviet prodding, Hanoi announced this month that its troops would be out of Cambodia altogether by September if a political settlement could be reached by then, a declaration quickly welcomed in Beijing.
In late December, the Vietnamese said they had completed the withdrawal of 50,000 soldiers in 1988, with 50,000 remaining. 
Western diplomats believe the Vietnamese still have about 85,000 troops in Cambodia.
As a sign of the political delicacy of the meeting between ancient enemies, Mr. Liem's visit to Beijing was announced by neither side at first. 
The experienced Mr. Liem, Vietnam's Ambassador in Moscow for four years, is thought to be preparing a visit to Beijing by Foreign Minister Nguyen Co Thach, perhaps before a regional conference on Cambodia scheduled for Jakarta, Indonesia, in late February.
Asian diplomats say the Soviets and the Chinese would like the major aspects of Cambodian deal settled by their scheduled summit meeting, the first since 1959.
Â 
Thais Promise Aid to Hanoi
The other related development in regional relations was exemplified by the sudden visit to Hanoi of the Thai Foreign Minister, Siddhi Savetsila. 
In four days of meetings with Mr. Thach that ended Thursday, Mr. Siddhi, accompanied by more than 60 businessmen and academics, announced that Thailand looked forward, after a Cambodia settlement, to helping Vietnam out of its economic morass.
Mr. Siddhi had regularly discouraged the business-oriented Prime Minister of Thailand, Chatichai Choonhavan, from opening relations with Vietnam. 
And he constructed what has been firm Thai policy, to which the Association of Southeast Nations has sometimes unhappily conformed: support for China and the Khmer Rouge and a boycott of Vietnam until it ended its occupation.
But a decade later, with less ideological leaderships in Moscow, Beijing and Hanoi and the boycott slipping, Thailand has clearly decided ''not to miss the train,'' a Western diplomat said.
Difficulties remain about the shape of an interim Cambodian government that is to oversee new elections. 
The Chinese have agreed that the Khmer Rouge should not return to sole power, but it is unclear how that can be insured or how a new civil war can be avoided.
Â 
Progress on a Formula
But here, too, there has been progress. 
In his talks with Mr. Siddhi, Mr. Thach said Vietnam agreed to an international control ''mechanism'' in Cambodia, an undefined compromise between the larger international peacekeeping force Thailand and China wanted and the smaller ''control commission'' Hanoi favored. 
They also agreed that the Jakarta talks should be expanded to include the Soviet Union and China.",6,khmer,HWBUSH,HW Bush (1989-1992),CATEGORY_9,"khmer, cambodia, rouge"
Hanoi Leaders to Visit China as Ties Revive.txt,"ï»¿
China and Vietnam announced today that Vietnamese leaders would visit China this year, in a meeting that is expected to lead to a normalization of relations between the two neighbors.
While they have a territorial dispute and have been at odds since a brief border war in 1979, the two countries have been drawn together lately by the collapse of Communism elsewhere around the world. 
Relations between Hanoi and Beijing have been improving rapidly, and the warming is likely to improve the prospects for a peaceful settlement of the Cambodian war.
The joint statement issued today, during a visit by the Vietnamese Foreign Minister, Nguyen Manh Cam, did not specify which leaders would visit China. 
But Vietnamese officials have suggested that the delegation will be led by Du Muoi, the Communist Party leader, and will mark the full normalization of relations.
While the two countries never cut diplomatic ties, relations have been frosty for more than a dozen years. 
Air and rail links between China and Vietnam are suspended, and trade is partly restricted by the Chinese side, although smuggling is rampant and Chinese consumer goods are found throughout the Vietnamese markets.
In earlier years, China gave considerable assistance to the Communist Government in North Vietnam, and nearly 1,100 Chinese died in the Vietnam War, according to a recently published Chinese book.
Vietnam also offered assistance to China in one crucial matter: the embalmers who had prepared Ho Chi Minh's body for exhibit flew to Beijing in 1976 and took charge of the effort to preserve Mao Zedong's body, after an earlier Chinese effort produced unsightly results.
But relations worsened because they supported different factions in Cambodia. 
Vietnam ousted the Chinese-backed Khmer Rouge forces, and in 1979 China invaded Vietnam border areas as a punishment.
""Both sides agreed that a relationship of good-neighborliness and friendship should be restored between China and Vietnam,"" the statement said.
It continued, ""Both sides expressed their readiness to take practical steps to restore the exchanges and cooperation between the two countries in the economic, trade, scientific, technological, transportation, cultural and other fields with a view to gradually normalizing Chinese-Vietnamese relations.""
There was no public mention of the territorial dispute of the Spratly Islands in the South China Sea. 
Vietnam and China clashed in 1988 over their rival claims to the islands.",6,khmer,HWBUSH,HW Bush (1989-1992),CATEGORY_9,"khmer, cambodia, rouge"
KHMER ROUGE GET MORE CHINA ARMS.txt,"ï»¿
Despite public assurances by China that it has stopped sending military aid to the Khmer Rouge guerrillas since September, Chinese arms continue to flow across the Thai border to all the opposition factions fighting the Phnom Penh Government, including the Khmer Rouge, senior Western diplomats say.
It is impossible to tell whether these Chinese arms left China after September, the diplomats say. 
The arms supplies, they say, could represent shipments that were already on the way or had been previously warehoused in Thailand.
In any event, the diplomats say, the arms supplies seem intended more to keep up morale among opposition fighters as the peace process drags on into the dry season, when fighting usually intensifies, than to have a significant effect on the balance of forces.
China, like the Soviet Union, had previously said that it would stop all arms supplies in the context of a comprehensive peace settlement, but that it would not do so unilaterally.
Last month, a Chinese Foreign Ministry spokesman, Li Zhaoxing, said, ""Since the five member countries of the Security Council adopted the five documents on Cambodia, China has not provided any military assistance, including weapons, to the Cambodian resistance.""
Â 
U.N. Council Offers Plan
The five permanent members of the United Nations Security Council agreed on the framework for a comprehensive peace plan for Cambodia on Aug. 
28. The permanent Council members include China, the United States and the Soviet Union, the main proxy powers of the conflict, as well as Britain and France.
Fighting the Vietnamese-installed Government in Phnom Penh, led by Prime Minister Hun Sen, are three opposition organizations that have formed a loose alliance: the Communist Khmer Rouge, under whose regime more than a million Cambodians died from 1975 to 1979; the followers of Prince Norodom Sihanouk, and the Khmer People's National Liberation Front of Son Sann, which groups rightists who overthrew Prince Sihanouk in 1970 and who were ousted by the Khmer Rouge in 1975. 
The Khmer Rouge were driven from power in 1979, after the Vietnamese invaded.
China has been the main backer of the Khmer Rouge, which has the strongest guerrilla army, and the two other guerrilla groups. 
The Soviet Union has backed Vietnam and the Cambodian Government. 
The United States gives nonmilitary aid to Prince Sihanouk's followers and to the Khmer People's National Liberation Front, but has withdrawn diplomatic support at the United Nations for the coalition of rebel groups.
""There is movement of arms, but we don't take it too seriously,"" a senior Western diplomat said. 
""Partly it's a definitional problem. 
Did the Chinese stop shipping that day?
Some may have been already at sea, and some in warehouses in Thailand, now being delivered.""
Â 
Hurting Beijing's Image
But because China had announced a halt in shipments, he said, any supplies make Beijing look bad.
The Associated Press reported on Saturday that Western intelligence figures said the Khmer Rouge were loading ""trucks and trucks of new Chinese ammunition"" in violation of Beijing's pledge to stop military aid.
As usual, an Asian diplomat said, military claims and developments in Cambodia have to be evaluated in the context of the negotiations, which have been faltering.
In a conference on Sept. 
9 and 10 in Jakarta, after a secret summit meeting between Vietnamese and Chinese leaders, the Cambodian Government and the three guerrilla factions agreed to accept the United Nations peace framework in its entirety.
But since their September meeting, the four parties have been dragging their feet. 
With the support of the Khmer Rouge, Prince Sihanouk first rejected any role for himself on a Supreme National Council that would represent Cambodian sovereignty in a settlement. 
Then he insisted on being chairman of the council but said Mr. Hun Sen could not be the deputy chairman. 
Later he rejected any role for himself once again.
The United Nations plan calls for the national council to have a largely symbolic role. 
United Nations officials would monitor, control and, if necessary, run five important ministries -- finance, interior, defense, foreign affairs and information -- and insure that the elections for a new government are free and fair.
A meeting of the Cambodian factions this month in Paris, to discuss a draft of the peace plan, was inconclusive.",6,khmer,HWBUSH,HW Bush (1989-1992),CATEGORY_9,"khmer, cambodia, rouge"
PEACE_S PROSPECTS IN CAMBODIA GROW.txt,"ï»¿
After more than a decade of unrelievedly vicious fighting and months of stalled peace talks, there is now a possibility that the end of the Cambodian civil war is imminent.
Probability is not the word, at least not yet. 
The Cambodian Government and rebels seeking to overthrow it have accused each other of violations of the cease-fire they agreed to only last month, and Western and Asian diplomats have been embarrassed before in predicting a quick end to the war.
Some diplomats say they still do not understand how there can be peace in Cambodia as long as there is the threat of a return to power by the Khmer Rouge, the Communist guerrillas whose radical attempt to remake Cambodian society resulted in more than a million deaths in their four-year reign in the 1970's.
But later this month, China, the patron of the Khmer Rouge, is scheduled to sponsor a new round of peace talks in Beijing that will bring together representatives of the Vietnamese-backed Phnom Penh regime and the three major rebel factions.
Â 
Shifts by Hanoi and Sihanouk
Chinese leaders are thought to be ready to use their influence at the talks to insist on new progress toward peace in Cambodia, a nation whose reputation acquired over centuries as a land of bounty and of a gentle grace has been sullied in a war often fought between soldiers young enough to be considered children.
There are other elements to the new optimism about prospects for a lasting settlement in Cambodia.
One is the Government of Vietnam, which seems willing to give up much of its influence in neighboring Cambodia in order to improve its relationship with China. 
There is also the stated desire of the exiled Cambodian leader Prince Norodom Sihanouk to die in peace in the land he ruled as a god-king until 1970.
""I want to die on Khmer soil,"" the mercurial 68-year-old Prince told a news conference last month in the Thai beach resort of Pattaya, where he was host of what may have been the most fruitful round of peace talks since the Vietnamese launched their invasion of Cambodia in 1978.
Â 
The Go-Ahead From Beijing
At the Pattaya talks, the Cambodian Government and the three major rebel groups -- the Khmer Rouge, the followers of Prince Sihanouk, and a faction faithful to former Prime Minister Son Sann -- agreed not only to an indefinite cease-fire, but also to a cessation of foreign arms supplies.
The agreements were reached under a framework drafted last year by the five permanent members of the United Nations Security Council.
""The progress last month in ending this stalemate is due directly to the actions of Sihanouk,"" said a Western diplomat in Bangkok. 
""It appears the Chinese have given him the go-ahead to make peace, and his willingness to set aside past differences was the magic of Pattaya.""
Temperamental, impishly charming and a man of shifting loyalties, the Prince remains a revered figure to many in his homeland, and diplomatic observers and Cambodian participants described the air of reconciliation fostered by Prince Sihanouk at the talks as remarkable.
Â 
Air of Reconciliation
For example, during earlier negotiations, the leader of the Vietnamese-backed Government in Phnom Penh, Prime Minister Hun Sen, and the Khmer Rouge negotiator, Khieu Samphan, were said to barely acknowledge the presence of each other in the same room.
But at Pattaya, Mr. Hun Sen, who rose to power in Phnom Penh after defecting from the Khmer Rouge, turned to Mr. Khieu Samphan at one point and described him as ""my beloved excellency.""
To an extent not yet clear, the success of the Cambodian talks was being determined hundreds of miles away, in Vietnam's capital, Hanoi, where the governing Communist Party was meeting the same week in its first party congress in five years.
While pledging continued support for the Government in Cambodia, the party made clear its desire for closer ties to Beijing and its intention to put an end to military interventions like the 1978 Cambodian invasion.
Â 
Reining In the Khmer Rouge
In what appeared to be a signal to China, the party ousted Vietnam's Foreign Minister, Nguyen Co Thach, who had long been seen in Beijing as China's chief adversary in Hanoi.
""I think the Chinese feel that with Thach gone and with the Vietnamese bowing out as the sponsors in Phnom Penh, it's time to restore some sort of peace in Cambodia,"" said an Asian diplomat. 
""You'll see China willing to rein in the Khmer Rouge.""
The other superpowers are playing a more limited role in forging a peace agreement in Cambodia.
The United States has provided what is officially described as nonmilitary aid to Prince Sihanouk's followers and the Son Sann faction, and it has put pressure on Vietnam to end the war in exchange for normalized relations with Washington.
The Soviet Union has aligned itself diplomatically with Vietnam and with the Cambodian Government but, consumed by its internal problems, the Kremlin has indicated a desire to end all military involvement in Indochina.
The intentions of the feared Khmer Rouge remain the principal mystery in the peace negotiations.",6,khmer,HWBUSH,HW Bush (1989-1992),CATEGORY_9,"khmer, cambodia, rouge"
Sihanouk Agrees to Return to Cambodia Talks.txt,"ï»¿
Prince Norodom Sihanouk, the Cambodian opposition leader who earlier this year withdrew from talks about his country's future, announced today that he had agreed to return to the negotiating table.
Prince Sihanouk said in a statement issued in Beijing, where he now lives, that he had accepted an invitation to meet with his longtime rival, Hun Sen, the Prime Minister of the Vietnamese-backed regime in Cambodia. 
Prince Sihanouk said he had agreed to the meeting because Mr. Hun Sen had indicated a willingness to compromise.
The announcement appeared to end a negotiating stalemate. 
But talks have been disrupted several times, and it is difficult to predict whether a new round will achieve an agreement on a future government for Cambodia.
Because of his international stature, the Prince is widely regarded as a central figure in any resolution of the Cambodia conflict. 
He is the leader of a coalition of the three guerrilla groups that are fighting the Hun Sen Government.
If the talks go well, they could smoothe discussions in the Chinese-Soviet summit meeting that will take place in Beijing in the middle of May. 
That meeting is expected to lead to normalization of relations between China and the Soviet Union, ending three decades of hostility.
Â 
Chinese-Soviet Sore Point
Disagreements over Cambodia are a major source of discord in relations between the two nations, and China has been putting a great deal of pressure on the Soviet Union in recent months. 
The Chinese have wanted the Russians to press Vietnam to withdraw its troops from Cambodia. 
They also want them to encourage Mr. Hun Sen to be more conciliatory toward the guerrilla movement.
The meeting between the Prince and the Prime Minister could take place as early as next month. 
The Prince proposed a meeting in Jakarta, Indonesia, on May 2, or alternatively in Paris in September.
An aide to Prince Sihanouk denied that the announcement represented a reversal in his position. 
In January the Prince announced that he was bowing out of peace negotiations, especially talks scheduled in Indonesia in February. 
Just a month ago, he seemed to rule out another meeting with Mr. Hun Sen, whom he has accused of being ''the valet of Vietnamese imperialism.''
The Prince today refrained from such criticisms of Mr. Hun Sen.
An Asian diplomat in Beijing noted that the Prince often changes his position, and that this makes it difficult to assess the chances for successful negotiations. 
The Prince's reason for declining to take part in the February talks was that Mr. Hun Sen had rejected a five-point peace plan proposed by the Prince.
Â 
No Breakthrough Seen
''I think there is something going on there, but I wouldn't call it a breakthrough,'' the diplomat said. 
''Prince Sihanouk sees an opportunity and then makes what he can of it.''
The message from Mr. Hun Sen, including the invitation to negotations and an offer of concessions, was conveyed orally March 26 by a high-ranking French diplomat who was visiting Beijing, the Sihanouk aide said. 
She said the diplomat, whom she did not identify, already had left Beijing with a message for Mr. Hun Sen from the Prince. 
Mr. Hun Sen's Government could not be immediately contacted for comment, because it has no diplomatic relations with China and no representatives in Beijing.
One of the main points of disagreement between Mr. Hun Sen and the guerrilla factions is whether the Government in Cambodia should be dismantled or should remain in place before elections are held to form a new government.
Late last year and early this year there was a flurry of negotiations that made rapid progress on some aspects of a Cambodian settlement. 
Vietnam indicated that it would withdraw all of its troops from Cambodia by the end of September if the Cambodian factions could agree on a political solution among themselves.",6,khmer,HWBUSH,HW Bush (1989-1992),CATEGORY_9,"khmer, cambodia, rouge"
Sihanouk Explains His High-Wire Role in Awkward Cambodian Coalition.txt,"ï»¿
Now 67 years old, Prince Norodom Sihanouk still sits in a gilded exile in the old French legation here, pampered by the Chinese, monitored by the Khmer Rouge and haunted by the past and by the fear of making one final, disastrous error to the detriment of the independent Cambodia he has devoted his soul to achieving.
In conversation, over the fine French champagne he offers in his immense reception room, he admits he is a moody man, liable to drive the diplomats and journalists he meets to exasperation. 
They seek an impossible clarity, he says, when little is clear in Cambodia, which has for so long had so little say over its own affairs.
He has spent his life trying to keep his country and himself afloat, with few resources other than his wit and unpredictability. 
Given the devotion to him that still exists in the country he once ruled as a god-king, there is no end to the great powers and minor factions that try to use him, and which he tries to use in turn.
''The Romans had their Janus god, with two faces, for peace and war,'' he said. 
''But there are two or three or four Sihanouks.''
Â 
Not a 'Changeling Prince'
Still, he said, ''I am not 'the changeling prince' as the Western press calls me. 
I have to use my imagination and my intelligence to find any reasonable solution possible for Cambodia - but one based on fact and the realities on the ground.''
That is why, he says, he has ended up in such an awkward coalition with both the rightists who overthrew him in 1970 and the Communist Khmer Rouge, who turned Cambodia into a charnel house when they overthrew the rightists in 1975.
Between the crocodile of Vietnam, which ended the slaughter in late 1978 when it expelled the Khmer Rouge and set up the current Phnom Penh Government as a subservient instrument, and the tiger of the Khmer Rouge, he has had to choose the tiger, he said, ''for while it, too, is man-eating, it is purely Cambodian.''
He has also been forced to make this choice by China, which has always treated him with ''friendship and dignity,'' he says, but which remains not only the prime ally of the Khmer Rouge, but also the main source of weapons and funds to the non-Communists.
''So we are obliged to be friendly to the Khmer Rouge,'' the Prince said, ''otherwise China will send no more support to us.''
Â 
Sees Lack of Western Support
It is also true, he says, that the non-Communist forces are more and more coordinating their military activity in Cambodia with the Khmer Rouge. 
''The world may condemn us,'' he said, but this, too, is a result of the comparative lack of military support provided by the West and the non-Communist countries of Southeast Asia.
''It is a terrible choice,'' he said, but the non-Communist forces must keep their legitimacy as actors in Cambodia, and that is only possible through success on the battlefield.
The diplomatic trend, he said, is ''more and more favorable to Hun Sen,'' the Prime Minister of the Phnom Penh Government, ''so the resistance is obliged to strengthen its unity,'' particularly when the non-Communist factions are weak.
''You say if we continue to cooperate with the Khmer Rouge on the battlefield, the outside world may condemn us, and it's true,'' he said. 
''But while on the surface, the outside world condemns us morally, in reality it only gives importance to military strength. 
Despite their fine words about moral values, the outside world is not so moral, because in fact they are observing the developing military situation in Cambodia.''
''And the ones who win will be embraced and recognized - it is very simple,'' he said. 
''So the most important thing is to show that Hun Sen will not win the war, so we can force the outside world not to go so quickly to Hun Sen.''
Â 
A Quote From 'Hamlet'
The Prince toyed with his white French poodle, Miki, and then gave a sort of giggle that expanded to fill the room. 
''It is something very tragic, very Shakespearean,'' he said. 
''You know Hamlet: 'To be or not to be.'
I don't want to give any justifications, but only to explain.''
As he spoke, his personal secretary, Chhorn Hay, listened from a couch to the side of the Prince. 
Mr. Chhorn Hay was Prince Sihanouk's guardian during years of house arrest in Phnom Penh under the Khmer Rouge. 
Friendly and at times even servile, he exists as a constant reminder of Khmer Rouge power and control. 
When he notices a reporter trying to maneuver him into the viewfinder of a camera, he moves away.
The Prince says he is hurt by charges in the West that he is an accomplice of the Khmer Rouge, which he detests. 
Pol Pot and Ieng Sary, he says, despite their claims to have retired, ''are the real masters'' of the Khmer Rouge. 
''I have no doubt that Pol Pot is heading the army,'' he said. 
''If I were an accomplice of the Khmer Rouge I wouldn't say that.''
Pressed, the Prince said that as more and more Western Governments tell him he must drop the Chinese formula of Khmer Rouge participation in an interim government in Cambodia to oversee new elections, he has embraced the idea of a United Nations trusteeship over Cambodia for a year.
Â 
Peacekeeping Force Urged
That way, he says, there will be no interim Cambodian government and no Khmer Rouge participation in anything but free elections, which the United Nations would also organize and oversee. 
It just might work, he said, so long as there is also a United Nations-sponsored International Control Mechanism and armed peacekeeping force in Cambodia for at least five years, and preferably for 10.
China and the Khmer Rouge opposed this second condition, he said, and he was sure that Mr. Hun Sen would also reject it, because it would mean the dismantling of his Government, though not his party. 
In return, the Prince would disband his government in exile and allow the country's United Nations seat to be vacant until a new government could be elected.
But if Mr. Hun Sen should somehow accept his proposal, including mutual dismantling, the year-long United Nations trusteeship, the control mechanism and peacekeeping force, the Prince said, ''then I will go home to Phnom Penh,'' regardless of any opposition from the Khmer Rouge or from China.
''The Khmer Rouge,'' he said, ''will continue their war, but never mind, the whole world will condemn them.''
To defy China is a serious personal risk, he said, ''but there must be some way out of this nightmare of stalemate and war.''
Last week, an editor close to the Phnom Penh Government said Mr. Hun Sen would be willing to disband his Cabinet and accept a United Nations-controlled election in Cambodia under what is called the Namibia formula. 
But under this model, the Hun Sen Government would continue to administer the country at the local level, a condition that Prince Sihanouk rejects.
Â 
No Illusions on Khmer Rouge
For Khieu Samphan, the official head of the Khmer Rouge and the man with whom he often deals, the Prince has a sort of contempt. 
Khieu Samphan, he says, is probably only the seventh-ranking official in the Khmer Rouge hierarchy, coming after Ieng Thirith, the wife of Ieng Sary.
He has no illusions about the Khmer Rouge, he says, or about the Thais. 
''Pol Pot is like Hitler,'' he said. 
''Unless you kill him, you cannot oblige him to stop fighting and killing people.''
He shakes his head. 
''Pol Pot would not be with us in this world, he would not be alive without the Thais,'' he said. 
Pol Pot remains ''terribly weak'' with malaria, ''yet each time he became very ill, the Thai army sent a helicopter to his headquarters in Trat Province to take him to the best hospital in Bangkok, and gave him the best room, normally kept for the best of the Thai generals, and the best doctors took care of him.''
With the introduction of gossip, the Prince brightens. 
It is true, he said, that Pol Pot's first wife, Khieu Ponnary, the sister of Ieng Thirith, is very ill and dying in a hospital here, perhaps dead. 
Ieng Sary, he said, has not been seen in three or four years, and the rumor is that he, too, is dead.
''Did you know,'' he asks, ''that Pol Pot gave Khieu Samphan a wife?''
A princely giggle. 
''She is a Khmer Rouge cadre, a peasant girl and trusted by Pol Pot. 
She is not ugly, she is rather pretty, with a dark skin. 
But I know Khieu Samphan, and it seems he is not so much interested in women.''
Â 
On 'Very Dangerous' Men
''Men who are not so interested in women are very dangerous,'' the Prince continued, ''for they must concentrate on other things, which makes them very dangerous in wartime.''
He giggled again. 
''But we nationalists, we are very interested in beautiful women. 
We are true Cambodians. 
We say the Cambodians are 'les chauds lapins et les chaudes lapines,' yes, yes, hot rabbits,'' he said, overcome with laughter.
But rather quickly, another mood takes hold, and the Prince grows somber. 
''I cherish my friendship with China. 
I don't want to lose it. 
It's the reason I'm hesitating,'' he said, acknowledging that it would be very easy now to make a tragic mistake.
And then he gave a sort of groan. 
''I have problems of conscience,'' he said. 
''I take sleeping pills each evening. 
I don't sleep without them. 
I have so many problems in my head. 
I suffer, I really suffer. 
It's not a comedy, I assure you.''",6,khmer,HWBUSH,HW Bush (1989-1992),CATEGORY_9,"khmer, cambodia, rouge"
"THE WORLD_For Vietnam, The Price Of Progress Is Cambodia.txt","ï»¿
THERE are two Southeast Asias, Prime Minister Chatichai Choonhavan of Thailand is fond of saying: one thriving and capitalist, the other socialist and stagnant.
So it should be no surprise that even the famously stubborn Vietnamese leadership, despite its divisions over the pace of change, has realized that it must join the development race now or be forever left behind, floundering in a politically unstable swamp of unemployment and inflation.
That is the prime reason Vietnam finally decided to cut a deal on Cambodia and withdraw the bulk of its troops after an occupation of 11 years -- to end its international isolation and attract Western investment. 
And it is the prime reason that Vietnam's Foreign Minister, Nguyen Co Thach, went to Washington recently, the highest-ranking Hanoi official to do so since the north became independent in 1954.
That year, when the French left Vietnam, Hanoi was the most modern city in Southeast Asia. 
In 1975, when the Americans left, the region's most advanced city was Saigon. 
Both cities today have a sort of aspic charm, with moldy French provincial buildings in Hanoi and American DeSoto buses still grinding through the streets of Ho Chi Minh City.
The isolation and stagnation have been the price of both war and ideology. 
But now Hanoi, like the Soviet Union and Eastern Europe, needs the West, and seems more willing to pay the price.
Vietnam eased central controls on the economy beginning as early as 1987. 
But a Cambodia-related embargo on aid, investment and trade with Vietnam, led by Washington, has successfully blocked vital loans from multilateral agencies like the International Monetary Fund, the World Bank and the Asian Development Bank.
While more countries now trade with Vietnam, the American veto on the lending agencies has forestalled significant Western investment and stifled domestic development, particularly as Soviet aid declines.
A settlement in Cambodia, much more than the emotional and easily manipulated issue of the American M.I.A.'s, has always been the key to economic and diplomatic normalization between Washington and Hanoi. 
And only normalization will open Vietnam in a serious fashion to the West.
So it is Washington's main card with Vietnam, and even the American Chamber of Commerce, eager to do business with Vietnam, should not be surprised that the Bush Administration will continue to play it, at least until a Cambodia settlement is ratified.
Cambodia is also the main obstacle to normal relations between Hanoi and Beijing, whose support for Vietnam's revolution soured quickly over its Cambodian adventure. 
Hanoi's expulsion in 1979 of China's allies, the Khmer Rouge, no matter their crimes, was an insult for which the Chinese, especially Deng Xiaoping, were eager to extract the severest pain.
But China's own isolation over the killings near Tiananmen Square, coupled with the collapse of Eastern Europe and Moscow's sudden retrenchment everywhere, have also pushed Vietnam and China closer together.
Both leaderships are intensely aware of being socialist holdouts, but hope that Asian socialism will be a more lasting brand. 
They cite the communitarian nature of Asian societies and the fact that Communist rule rose from revolution and nation-building, and was not merely imposed, as in Eastern Europe, by a conquering army.
Still, there is an element of whistling in the dark. 
Vietnam's aging leaders, like China's, hope to embrace Western aid, investment and private enterprise while preserving the one-party nature of the Leninist state. 
But increasingly, younger intellectuals and those with more experience in southern Vietnam are expressing doubts that economic and political development can be separated -- or that the country can walk with one leg shorter than the other, as one Politburo member, Tran Xuan Bach, put it before being purged in March.
All this is taking place in the context of a leadership struggle. 
The party General Secretary, Nguyen Van Linh, has begun the reforms but lacks the time and strength to see them through. 
He has said he will retire at the next party congress, probably in May, and the battle between conservatives and reformers has gathered bite.
The conservatives, who had been grouped around Le Duc Tho, who died two weeks ago, and his brother, Interior Minister Mai Chi Tho, have used the collapse of Eastern Europe to try to brake any move toward even a Soviet-style multiparty system.
In the last five months, the Vietnamese have had a security crackdown, arresting as many as several hundred people, some for just a few days, especially in the south. 
They include retired soldiers of the old National Liberation Front, religious figures, businessmen and others with what the Government calls ""too much"" contact with Westerners.
While the internal crackdown has now eased somewhat, there continues to be a public campaign about the reported efforts of ""reactionary forces overseas"" to sabotage the state and socialism. 
Two weeks ago, a court in Hanoi convicted 38 people of trying to overthrow the Government with the help of Thailand and of Vietnamese exiles based in the United States.
While these people represent no real threat to the regime, the trial is apparently being used to justify the crackdown and serve as a warning to others, including the Western-leaning reformers in the leadership, among them the urbane Mr. Thach.
But while some might see his international prominence as a stepping stone of sorts, he will almost assuredly not be Vietnam's next General Secretary. 
Even in a collective leadership, there are other, less congenial forces at play.",6,khmer,HWBUSH,HW Bush (1989-1992),CATEGORY_9,"khmer, cambodia, rouge"
U.S. Says China Sent Large Arms Supplies to Khmer Rouge.txt,"ï»¿
In defiance of numerous requests from the Bush Administration, China has recently sent large new shipments of weapons to Khmer Rouge guerrillas battling the Cambodian Government, Administration officials say.
The weapons, they said, include mortars, rifles, rocket-propelled grenades, antiaircraft machine guns, rocket launchers, 122-millimeter howitzers, 130-millimeter field guns and other heavy artillery.
On trips to Beijing in July and December, President Bush's national security adviser, Brent Scowcroft, and Deputy Secretary of State Lawrence S. Eagleburger asked the Chinese to curtail military support for the Khmer Rouge. 
More than a million Cambodians died under Khmer Rouge rule, from 1975 through 1978, when Vietnam invaded Cambodia. 
The United States has repeatedly said the Khmer Rouge must never return to power.
In a confidential report to Congress this month, the State Department said there had been no discernible decrease in Chinese arms deliveries to the Khmer Rouge over the last six months. 
Indeed, Administration officials said the quantity and quality of the weapons had increased as fighting in Cambodia intensified.
Â 
Policy Setback for Bush
The last seven months have seen the heaviest fighting in Cambodia since 1985, when Vietnamese soldiers pushed many guerrillas over the border from Cambodia into Thailand.
The Chinese have been arming the Khmer Rouge for years. 
But the discovery of large new arms shipments represents a setback for Mr. Bush's policy and is the latest example of the failure of United States attempts to change Chinese behavior through the Scowcroft missions.
ABC News reported on Thursday that American aid to non-Communist Cambodian guerrillas had the effect of helping the Khmer Rouge because they cooperate on the battlefield. 
But the Administration has said sees ''no pattern of cooperation.''
A Bush Administration official said the Chinese appeared to be ''thumbing their nose'' at the United States on Cambodia, as on other issues like human rights and the case of the dissident Fang Lizhi. 
Mr. Fang has been given refuge at the American Embassy in Beijing since June. 
The Chinese authorities have issued a warrant for his arrest on charges of organizing the demonstrations in Tiananmen Square last spring, and Beijing has spurned American requests to let him leave the country.
Â 
Supplies to Non-Communists
The State Department quoted the Chinese as saying they would stop their aid to the Khmer Rouge ''when the Vietnamese troop withdrawal has been independently verified, when all other external assistance to the Cambodian factions ceases and when a comprehensive settlement is in place.''
Mr. Eagleburger said the United States had urged China, ''in any number of forums on a number of different occasions,'' to reduce and preferably to end its military support for the Khmer Rouge, even in the absence of a political settlement. 
French, Soviet and Thai diplomats said they saw no chance of such a settlement in the near future.
Even while criticizing China for arming the Khmer Rouge, Administration officials said they were grateful to Beijing for supplying weapons to two non-Communist Cambodian guerrilla groups supported by Washington. 
The non-Communist factions are led by Prince Norodom Sihanouk and Son Sann, a former Prime Minister of Cambodia.
''We encourage China'' to continue supplying the non-Communist factions, an Administration official said, adding, ''The non-Communist resistance would be vulnerable if it were not armed.''
Â 
'More Flexibility' Urged
American officials said Chinese military aid to the Khmer Rouge far exceeds that to the other guerrilla factions. 
The Phnom Penh Government has received large amounts of weapons, including tanks, from the Soviet Union and Vietnam.
China and the other permanent members of the Security Council, the United States, the Soviet Union, Britain and France, have held three rounds of talks this year in an effort to arrange a cease-fire and a framework for a political settlement in Cambodia. 
But a State Department official said the Chinese ''need to display more flexibility'' for the talks to succeed.
A professor of political science at the Massachusetts Institute of Technology, Lucian W. Pye, said the Chinese leaders who suppressed the democracy movement last year were ''obsessed with the need for stabilityI'' inside China and were now subordinating foreign policy to that goal.
Washington openly provides the non-Communist Cambodian guerrillas with food, medicine, clothing and money. 
Critics of Administration policy, including some in Congress, say the non-Communist guerrillas have used American aid funds to buy arms in Thailand or from Singapore. 
They also assert that American aid to the non-Communist guerrillas indirectly benefits their coalition partner, the Khmer Rouge.
A State Department spokesman, Adam M. Shub, said on Friday: ''We have no indication at all that any of the assistance we've provided to the non-Communists has been turned over to the Khmer Rouge. 
We provide no arms. 
We provide only nonlethal assistance to the non-Communist resistance.''
But battlefield reports sent to the Pentagon from the American Embassy in Thailand give details of increasingly close cooperation and ''joint military operations'' conducted by the Khmer Rouge and the non-Communist factions.
In the last two months, the reports say, Khmer Rouge guerrillas and their non-Communist allies have stepped up joint operations in northwestern and central Cambodia, and Prince Sihanouk has said his troops fight ''side by side'' with the Khmer Rouge.",6,khmer,HWBUSH,HW Bush (1989-1992),CATEGORY_9,"khmer, cambodia, rouge"
Vietnam Leaders Reported Deeply Divided.txt,"ï»¿
The aging Vietnamese leadership is deeply divided over the direction of future policies, Communist Party officials say, raising doubts that the 75-year-old General Secretary of the party will step down in May.
The party is scheduled to hold its first congress since 1986 in May, when the General Secretary, Nguyen Van Linh, has said he will resign. 
But persistent disagreements over crucial issues, such as how far to open to the West while preserving Communist Party power, have become inevitably linked to party personalities, complicating the choice of Mr. Linh's successor, the officials and other mid-ranking party members say.
Many Vietnamese and some Western and Asian diplomats in Hanoi say they now believe that Mr. Linh may not step down at the next congress, which may itself be postponed past May.
""This is the biggest crisis in the socialist camp since 1917,"" a party member said. 
""Right now the leadership just doesn't know what to do.""
Â 
'How Angry People Are'
Another party member said the leaders ""know how angry people are.""
He added: ""But they don't have the answers. 
There is a contradiction between reality and their principles, which they cannot abandon.""
So there is confusion and stalemate, with a continuing search for the right form of words, especially for the political report, the key document assessing the last four years and pointing toward the future, that will be adopted at the next congress.
A party meeting of the Politburo and the Central Committee ended here in mid-January with a terse statement saying that ""many important ideas"" were raised to improve the political report, and that a subcommittee had been appointed to revise it.
The prospect of so much debate at this late date, after months of meetings at all levels of the party, is a sign of the divisions, these party members say. 
The collapse of Communism in Eastern Europe and its chaotic efforts for reform in the Soviet Union have shaken the Vietnamese, who had started down the path of perestroika and glasnost themselves at the last party congress, in December 1986.
Â 
Efforts for Change Slowed
Since 1989, however, party leaders have slowed efforts for openness and political change, while stating bluntly that Vietnam will not tolerate a multiparty system. 
There have also been efforts to improve relations with China, the other stolid Asian Communist society. 
Those relations had been severely strained since the Vietnamese invasion of Cambodia in late 1978.
Foreign Minister Nguyen Co Thach has become a sort of focus for the debate, party officials say. 
Some party members said Mr. Thach nearly lost his job at the end of the meeting this month, but this assertion, though widely repeated, could not be confirmed.
A skilled negotiator well known to the West and a member of the Politburo, Mr. Thach is nonetheless thought to lack a solid political base, and he has been associated with controversial policies of only middling success.
He has pushed the leadership to withdraw Vietnamese forces from Cambodia so as to regain acceptance in the West and end an American-led embargo on aid and investment to Vietnam, which badly needs hard currency. 
But he has resisted moving closer to China and is widely disliked by the Chinese leadership. 
It is significant, diplomats say, that at a secret Vietnamese-Chinese meeting of top party leaders in Chengdu in September, to discuss Cambodia and future relations, Mr. Thach was not present.
Â 
Thach Favors Economic Reform
Mr. Thach has also pushed for economic reforms and a modified market system, going so far as to have Paul Samuelson's basic textbook on economics translated into Vietnamese.
At the recent meeting, Mr. Thach was criticized for being ""pro-Soviet,"" some Vietnamese say, which still translates here as meaning too eager for political changes. 
The name of President Mikhail S. Gorbachev is not raised easily any longer in the company of ranking Vietnamese leaders, who think more and more as the Chinese do that Mr. Gorbachev has been a disaster for Communism.
Mr. Thach has also been criticized for the number of his family members who have high positions in the bureaucracy, party members say, at a time when the party has excoriated itself for abuses such as nepotism and corruption.
While the party has done little to correct its own complaints -- ""washing only from the shoulders down,"" as the Vietnamese say -- such personal criticism of Mr. Thach may be a pretext for deeper political struggles.
Â 
Most Soviet Aid Stops
Mr. Gorbachev's economic changes have also given Vietnam severe difficulties. 
Most Soviet aid has stopped, and there is a new requirement this year that all trade be denominated at world prices in hard currency. 
That immediately makes most Soviet imports, in particular needed oil products and fertilizer, seven times more expensive than last year.
For oil alone, a Western banker says, that means an extra cost of $250 million, and that is at prices prevailing before Aug. 
2, when Iraq invaded Kuwait.
How to cope with such economic strains, and how much they may require further economic changes or relations with the West, are fundamentally political and ideological questions, a party member said.
The leadership knows it must deal with the West, he said. 
""But if you go too far, you lose the respect of your people, whom you pushed to fight Western imperialism and the rule of the dollar,"" he said.
""So you can't accept all the premises of either socialism or capitalism,"" he added. 
""And the situation just gets worse.""",6,khmer,HWBUSH,HW Bush (1989-1992),CATEGORY_9,"khmer, cambodia, rouge"
Vietnamese Report Progress In Their Talks With Chinese.txt,"ï»¿
Vietnam reported progress today in relations with Beijing and said the Vietnamese leader, Nguyen Van Linh, would go to India next week in the search for peace in Cambodia.
The Hanoi radio said Chinese and Vietnamese negotiators had reached agreements during four days of discussions in Beijing ending on Thursday, the first talks at a senior level between the two countries in eight years.
''The two parties discussed normalization of relations and matters of mutual interest, which included Cambodia,'' the radio said. 
''They reached a number of agreements and remaining problems will be discussed later.''",6,khmer,HWBUSH,HW Bush (1989-1992),CATEGORY_9,"khmer, cambodia, rouge"
